article_id,pmid,title_en,title_ja,aggregated_decision,category_votes
1,27524403,Staff Distress Improves by Treating Pain in Nursing Home Patients With Dementia: Results From a Cluster-Randomized Controlled Trial,認知症介護施設患者の疼痛治療によるスタッフストレスの改善：クラスター無作為化比較試験の結果,2,0+1
3,40340052,Digital Dependence in Aging: Nomophobia as the New Mental Health Threat for Older Adults,加齢に伴うデジタル依存：高齢者の新たなメンタルヘルス脅威としてのノモフォビア,1,0+1
5,34742925,The global prevalence of major depressive disorder (MDD) among the elderly: A systematic review and meta-analysis,高齢者における大うつ病性障害（MDD）の世界的有病率：系統的レビューとメタ分析,2,1+1
9,40611851,The Impact of eBook Clubs on Apathy Among Long Term Care Residents: A Pilot Study,電子書籍クラブが長期療養施設入居者の無気力に与える影響：パイロット研究,2,1+1
10,39195952,Investigating the Prevalence and Predictors of Apathy among the Canadian Long-Term Care Residents: A Secondary Data Analysis,カナダ長期療養施設入居者における無気力の有病率と予測因子の調査：二次データ分析,2,1+1
13,33716830,"Depression in Alzheimer's Disease: A Delphi Consensus on Etiology, Risk Factors, and Clinical Management",アルツハイマー病におけるうつ病：病因、危険因子、臨床管理に関するデルファイ法による合意形成,1,0+1
23,34821521,Relationship Between Personality Measures and Perceived Mental Fatigability,性格測定と知覚的精神的疲労感との関連性,1,0+1
26,24200595,Association of depression with sexual and daily activities: a community study of octogenarian men,うつ病と性活動・日常生活活動との関連性：80代男性を対象とした地域研究,1,0+1
35,37076567,The neuropsychology of healthy aging: the positive context of the University of the Third Age during the COVID-19 pandemic,健康的な加齢の神経心理学：COVID-19パンデミック下における第三世代大学（U3A）のポジティブな環境,2,1+0
36,38155179,A unique neuropsychophysiological approach to objectify emotion (dys)regulation in healthy older adults during the COVID-19 pandemic,COVID-19パンデミック下における健常高齢者の感情（失調）調節を客観化する独自の神経心理生理学的アプローチ,2,1+0
38,40500311,Using difficulty in going out and social participation to assess for risk of hikikomori: nationally representative data from the European health interview survey,外出困難と社会参加の困難さを用いたひきこもりリスク評価：欧州健康調査（EHIS）の全国代表データ,2,1+1
65,31166519,Description of suicide ideation among older adults and a psychological profile: a cross-sectional study in Turkey,高齢者における自殺念慮の特徴と心理的プロファイル：トルコにおける横断研究,2,1+0
70,38717798,"Feasibility of Deploying Home-Based Digital Technology, Environmental Sensors, and Web-Based Surveys for Assessing Behavioral Symptoms and Identifying Their Precipitants in Older Adults: Longitudinal, Observational Study",高齢者の行動症状評価およびその誘因特定のための在宅デジタル技術、環境センサー、ウェブ調査導入の実現可能性：縦断的観察研究,2,1+1
78,34369598,Lack of energy is associated with malnutrition in nursing home residents: Results from the INCUR study,エネルギー不足は介護施設入居者の栄養不良と関連している：INCUR研究の結果,2,1+1
81,39793542,The Grief of Older Parents Over the Loss of a Child: A Scoping Review,子を失った高齢親の悲嘆：探索的レビュー,2,1+1
86,25721569,Development of two measures of client engagement for use in home aged care,在宅高齢者ケアにおけるクライアントエンゲージメント評価尺度2種の開発,2,1+0
87,30136743,Comparison of the efficacy of gesture-verbal treatment and doll therapy for managing neuropsychiatric symptoms in older patients with dementia,認知症高齢患者の神経精神症状管理におけるジェスチャー言語療法と人形療法の有効性比較,2,1+0
89,40528389,Neuropsychiatric symptoms and awareness in young-and-late-onset dementia,若年性および遅発性認知症における神経精神症状と自覚症状,2,1+0
100,35420834,Discrete negative emotions and goal disengagement in older adulthood: Context effects and associations with emotional well-being,高齢期における離散的負の感情と目標離脱：文脈効果と情緒的幸福感との関連,1,0+1
101,39004615,Mediating role of social disengagement and loneliness in the nexus between functional health and mental well-being in older individuals,高齢者の機能的健康と精神的ウェルビーイングの関連性における社会的離脱と孤独感の媒介的役割,2,1+1
107,37449850,The impact of COVID-19 pandemic on elderly with neurocognitive disorders,COVID-19パンデミックが神経認知障害を有する高齢者に与える影響,2,0+1
112,30171210,The symptom network structure of depressive symptoms in late-life: Results from a European population study,老年期における抑うつ症状の症状ネットワーク構造：欧州集団研究の結果,2,1+0
117,39023149,"[An attempt to deconstruct the French ""syndrome de glissement""]",[フランス語「syndrome de glissement」の解体試み],2,1+0
119,27060966,Validity of the three apathy items of the Geriatric Depression Scale (GDS-3A) in measuring apathy in older persons,高齢者抑うつ尺度（GDS-3A）の3つの無関心項目が高齢者の無関心を測定する有効性,2,1+0
125,29050493,Serum BDNF Is Positively Associated With Negative Symptoms in Older Adults With Schizophrenia,血清BDNFは高齢統合失調症患者の陰性症状と正の相関を示す,2,1+1
128,28370353,Thriving in relation to cognitive impairment and neuropsychiatric symptoms in Swedish nursing home residents,スウェーデンの介護施設入居者における認知機能障害および神経精神症状に関連する「繁栄」,2,1+0
131,36999914,"""Picturing a Way Forward"": Strategies to Manage the Effects of COVID-19-Related Isolation on Long-Term Care Residents and Their Informal Caregivers",「前進の道筋を描く」：COVID-19関連隔離が長期療養施設入居者とその非公式介護者に及ぼす影響を管理する戦略,2,1+0
135,29730329,The relationship between different settings of medical service and incident frailty,医療サービスの異なる設定と脆弱性発症との関連性,1,1+0
140,27364400,Validation of the Italian version of the Apathy Evaluation Scale (AES-I) in institutionalized geriatric patients,施設入所高齢者における無関心評価尺度（AES-I）イタリア語版の妥当性検証,2,1+0
145,40050378,Comparison of neuro-psychiatric disorders between older adults living in foster families or nursing homes,里親家庭と介護施設で生活する高齢者の神経精神疾患の比較,2,1+0
146,40774233,"Mental fatigue in older adults: A narrative review of subjective, behavioral, neurophysiological, and physical changes",高齢者の精神的疲労：主観的、行動的、神経生理学的、身体的変化に関する記述的レビュー,1,0+1
149,29332552,"Practitioner Views on the Impacts, Challenges, and Barriers in Supporting Older Survivors of Sexual Violence",性的暴力の生存者である高齢者を支援する際の影響、課題、障壁に関する実践者の見解,2,1+1
151,32544926,Motivation and sensitivity to monetary reward in late-life insomnia: moderating role of sex and the inflammatory marker CRP,老年期不眠症における金銭的報酬への動機付けと感受性：性別と炎症マーカーCRPの調整作用,2,0+1
152,38909542,Social dysfunction relates to shifts within socioaffective brain systems among Schizophrenia and Alzheimer's disease patients,社会機能障害は、統合失調症およびアルツハイマー病患者における社会情動的脳システム内の変化と関連する,2,0+1
153,35830959,Implementing Affordable Socially Assistive Pet Robots in Care Homes Before and During the COVID-19 Pandemic: Stratified Cluster Randomized Controlled Trial and Mixed Methods Study,COVID-19パンデミック前および期間中の介護施設における手頃な価格の社会支援型ペットロボットの導入：層別クラスター無作為化比較試験と混合手法研究,2,0+1
160,31829729,Preliminary Research: Virtual Reality in Residential Aged Care to Reduce Apathy and Improve Mood,予備研究：無気力感の軽減と気分改善を目的とした高齢者施設におけるバーチャルリアリティの活用,1,1+1
161,34454923,Feasibility of Group-Based Multiple Virtual Reality Sessions to Reduce Behavioral and Psychological Symptoms in Persons Living in Residential Aged Care,高齢者施設居住者の行動・心理症状軽減に向けた集団型複数回バーチャルリアリティセッションの実施可能性,1,0+1
164,41008351,Language Learning as a Non-Pharmacological Intervention in Older Adults with (Past) Depression,（過去の）うつ病を有する高齢者における非薬物療法としての言語学習,2,1+1
184,30369270,The burden of apathy for caregivers of patients with amyotrophic lateral sclerosis,筋萎縮性側索硬化症患者の介護者における無気力の負担,2,1+0
188,32056946,Predictors of mortality in people with late-life depression: A retrospective cohort study,老年期うつ病患者の死亡予測因子：後ろ向きコホート研究,2,1+0
199,32077733,"More or less energy with age? A motivational life-span perspective on subjective energy, exhaustion, and opportunity costs",加齢に伴うエネルギーの増減？主観的エネルギー、疲労感、機会費用に関する動機付け的生涯発達視点,1,0+1
207,27598269,Residents' Positive and Negative Relationship Networks in a Nursing Home,介護施設における入居者のポジティブおよびネガティブな関係ネットワーク,2,1+0
209,35356846,Does effort-cost decision-making relate to real-world motivation in people living with HIV?,努力コスト意思決定はHIV感染者の現実世界における動機付けと関連するか？,2,1+0
210,33493467,"Physical Frailty, Multimorbidity, and All-Cause Mortality in an Older Population From Southern Italy: Results from the Salus in Apulia Study",南イタリア高齢者集団における身体的虚弱、多疾患併存、全死因死亡率：サラス・イン・アプーリア研究の結果,2,1+0
211,35364452,Specific depressive symptoms are related with different patterns of alcohol use in community-dwelling older adults,地域在住高齢者における特定の抑うつ症状と異なる飲酒パターンの関連性,2,1+1
215,40384367,The Unseen Burden: Uncovering Shame and Its Determinants in Parkinson's Disease,見えない負担：パーキンソン病における羞恥心とその決定要因の解明,2,1+0
221,39781213,Stratifying Risk for Cognitive Decline in Older Adult Populations using the Geriatric Depression Scale,老年うつ病尺度を用いた高齢者集団における認知機能低下のリスク層別化,2,1+0
226,36101657,"Associations of Smoking and Alcohol Consumption with Loneliness, Depression, and Loss of Interest Among Chinese Older Males and Females",喫煙と飲酒が中国の高齢男女における孤独感、抑うつ、興味喪失と関連する,2,1+1
229,37995462,Prevalence of post-stroke cognitive impairment and associated risk factors in Chinese stroke survivors,中国脳卒中生存者における脳卒中後認知障害の有病率と関連リスク因子,2,1+0
230,38153242,Apathy mediates the association between age and cognition after stroke,脳卒中後の年齢と認知機能の関連における無気力の媒介作用,2,1+0
233,25641910,Country variations in depressive symptoms profile in Asian countries: Findings of the Research on Asia Psychotropic Prescription (REAP) studies,アジア諸国における抑うつ症状プロファイルの国別差異：アジア向精神薬処方研究（REAP）の知見,2,1+0
236,25887474,Screening for frailty phenotype with objectively-measured physical activity in a west Japanese suburban community: evidence from the Sasaguri Genkimon Study,西日本郊外地域における客観的に測定された身体活動による虚弱フェノタイプスクリーニング：笹栗元気モン研究からのエビデンス,2,1+1
237,29409164,"Reliability and structural validity of the Chinese version of the Neuropsychiatric Inventory, Nursing Home version",神経精神科評価尺度（Neuropsychiatric Inventory）介護施設版中国語版の信頼性と構造的妥当性,2,1+0
241,33830425,What Is Frailty? Perspectives from Chinese Clinicians and Older Immigrants in New Zealand,虚弱とは何か？ 中国人臨床医とニュージーランド在住高齢移民の視点,2,1+0
243,29449185,"Association of coffee consumption and non-motor symptoms in drug-naïve, early-stage Parkinson's disease",薬物未治療の初期段階パーキンソン病におけるコーヒー摂取と非運動症状の関連性,2,1+1
245,33640853,Automated analysis of lexical features in frontotemporal degeneration,前頭側頭型認知症における語彙的特徴の自動分析,2,1+0
248,32036726,Felt Age Among Racial/Ethnic Minority Older Adults Attending a Senior Center,高齢者センターを利用する人種的・民族的マイノリティ高齢者の自覚年齢,2,1+0
249,30698470,Fall Worry Restricts Social Engagement in Older Adults,転倒への不安が高齢者の社会的関与を制限する,2,1+1
250,40958393,Possible and Probable Dementia and Depressive/Anxiety Symptoms: Mediation Effects of Social Engagement and Loneliness,可能性のある認知症およびうつ病/不安症状：社会的関与と孤独感の媒介効果,2,1+0
261,36201368,Examining Subjective Psychological Experiences of Postoperative Delirium in Older Cardiac Surgery Patients,高齢心臓外科患者における術後せん妄の主観的心理的体験の検討,2,0+1
268,25963296,Effects of anosognosia and neuropsychiatric symptoms on the quality of life of patients with Alzheimer's disease: a 24-month follow-up study,アルツハイマー病患者の生活の質に対する無自覚症および神経精神症状の影響：24ヶ月追跡調査,2,1+0
278,25545189,Circadian sleep/wake rhythm abnormalities as a risk factor of a poststroke apathy,脳卒中後の無関心症の危険因子としての概日睡眠・覚醒リズム異常,2,1+0
288,31526407,Profile of mild behavioral impairment and factor structure of the Mild Behavioral Impairment Checklist in cognitively normal older adults,認知機能正常高齢者を対象とした軽度行動障害チェックリストの軽度行動障害プロファイルと因子構造,2,1+1
291,37668827,Application of the mild behavioral impairment checklist in Chinese patients with the behavioral variant of frontotemporal dementia,前頭側頭型認知症の行動変異型を有する中国人患者における軽度行動障害チェックリストの適用,2,1+0
294,34060188,Apathy and executive functioning among non-demented community-dwelling elderly individuals in an everyday environment: the mediating effect of impulsivity,日常生活環境における非認知症在宅高齢者の無関心と実行機能：衝動性の媒介効果,2,1+1
302,33948656,Influence of Music Therapy and Music-Based Interventions on Dementia: A Pilot Study,音楽療法および音楽に基づく介入が認知症に及ぼす影響：パイロット研究,2,1+0
324,30057445,Improving well-being in patients with major neurodegenerative disorders: differential efficacy of brief social robot-based intervention for 3 neuropsychiatric profiles,主要な神経変性疾患患者のウェルビーイング向上：3つの神経精神プロファイルに対する簡易ソーシャルロボット介入の差別化効果,2,1+0
329,36799956,"[Late-life depression and frailty-Epidemiological, clinical and neurobiological associations]",[老年期うつ病と虚弱－疫学的・臨床的・神経生物学的関連性],2,1+0
330,38557431,"Understanding age-related changes: exploring the interplay of protein intake, physical activity and appetite in the ageing population",加齢に伴う変化の理解：高齢人口におけるタンパク質摂取、身体活動、食欲の相互作用の探求,1,0+1
334,37749500,An ethnography study exploring factors that influence social isolation in care home residents living with dementia and hearing loss,認知症と難聴を併発する介護施設入居者の社会的孤立に影響を与える要因を探る民族誌的研究,2,1+1
338,33173523,The Effects of COVID-19 and Quarantine Measures on the Lifestyles and Mental Health of People Over 60 at Increased Risk of Dementia,認知症リスクの高い60歳以上の人々におけるCOVID-19と隔離措置が生活様式とメンタルヘルスに及ぼす影響,1,1+0
356,31109909,"Impact of Cognitive, Functional, Behavioral Disorders, and Caregiver Burden on the Risk of Nursing Home Placement",認知機能障害、機能障害、行動障害、介護者負担が介護施設入所のリスクに与える影響,2,1+0
360,25559550,Symptom burden in community-dwelling older people with multimorbidity: a cross-sectional study,多疾患併存の在宅高齢者の症状負担：横断研究,1,1+1
361,27222059,"Symptom trajectory and symptom burden in older people with multimorbidity, secondary outcome from the RCT AGe-FIT study",多疾患併存高齢者の症状経過と症状負担：RCT AGe-FIT研究の副次的アウトカム,1,1+1
363,35100918,Residential aged care staff perceptions and responses towards neuropsychiatric symptoms: a mixed methods analysis of electronic healthcare records,神経精神症状に対する高齢者施設職員の認識と対応：電子医療記録を用いた混合手法分析,2,1+0
366,37629464,Mild Behavioral Impairment in Psychogeriatric Patients: Clinical Features and Psychopathology Severity,老年精神科患者における軽度行動障害：臨床的特徴と精神病理学的重症度,2,1+1
368,29059120,"Change in Depression, Confidence, and Physical Function Among Older Adults With Mild Cognitive Impairment",軽度認知障害を有する高齢者の抑うつ、自信、身体機能の変化,2,1+0
369,24670286,The relationship between apathy and participation in therapeutic activities in nursing home residents with dementia: Evidence for an association and directions for further research,認知症介護施設入居者における無関心と治療的活動への参加の関係：関連性の証拠と今後の研究の方向性,2,1+0
374,35331144,The shift from old age to very old age: an analysis of the perception of aging among older people,老年期から超老年期への移行：高齢者の加齢認識に関する分析,1,1+0
377,25729001,Low-grade inflammation differentiates between symptoms of apathy and depression in community-dwelling older individuals,低度炎症が地域在住高齢者の無関心症状と抑うつ症状を区別する,2,1+0
382,37132066,Evaluation of apathy among institutionalized older persons: Its mediating role between cognitive functioning and lack of awareness,施設入所高齢者の無関心症の評価：認知機能と自覚症状の欠如との間の媒介的役割,2,1+0
387,32635640,Effects of the Level of Interactivity of a Social Robot and the Response of the Augmented Reality Display in Contextual Interactions of People with Dementia,認知症患者の状況に応じた相互作用におけるソーシャルロボットの対話レベルと拡張現実ディスプレイの応答が及ぼす影響,2,1+0
388,35819413,Impact of Exergames on the Mental Health of Older Adults: A Systematic Review and GRADE Evidence Synthesis,高齢者におけるエクササイズゲームがメンタルヘルスに与える影響：系統的レビューとGRADEエビデンス統合,2,0+1
394,25567425,Antipsychotics and amotivation,抗精神病薬と意欲減退,1,1+0
395,36554774,The Mental Health of the Peruvian Older Adult during the COVID-19 Pandemic,COVID-19パンデミック下におけるペルー高齢者のメンタルヘルス,1,1+0
410,39164933,Cognitive behavioural treatment for mild Alzheimer's patients and their caregivers (CBTAC): results of a randomised controlled trial,軽度アルツハイマー病患者とその介護者に対する認知行動療法（CBTAC）：無作為化比較試験の結果,2,1+0
413,29097960,Activity Disengagement: Understanding Challenges and Opportunities for Reengagement,活動からの離脱：再関与に向けた課題と機会の理解,2,1+1
414,31640092,"The LIBRA Index in Relation to Cognitive Function, Functional Independence, and Psycho-Behavioral Symptoms in a Sample of Non-Institutionalized Seniors at Risk of Dementia",認知症リスクのある非施設入所高齢者を対象とした認知機能、機能的自立度、精神行動症状とLIBRA指標の関係,2,1+0
415,35853559,"Overweight, obesity, and individual symptoms of depression: A multicohort study with replication in UK Biobank",過体重、肥満、およびうつ病の個別症状：英国バイオバンクにおける再現性のある多コホート研究,1,0+1
420,34708475,Intergenerational relationship quality and activity profiles among older adults in China,中国の高齢者における世代間関係品質と活動プロファイル,1,1+1
423,29213453,Effects of cognitive stimulation on neuropsychiatric symptoms in elderly with Alzheimer's disease: A systematic review,アルツハイマー病高齢者の神経精神症状に対する認知刺激の効果：系統的レビュー,2,1+0
426,28755989,Apathy Mediates Cognitive Difficulties in Geriatric Depression,無関心は老年期うつ病における認知障害を媒介する,2,1+1
427,27184278,Risk Factors for Malnutrition in Older Adults: A Systematic Review of the Literature Based on Longitudinal Data,高齢者における栄養失調の危険因子：縦断データに基づく文献の系統的レビュー,1,0+1
428,27911015,Depression with inflammation: longitudinal analysis of a proposed depressive subtype in community dwelling older adults,炎症を伴ううつ病：地域在住高齢者を対象とした提案されたうつ病サブタイプの縦断的分析,2,1+0
434,30192444,Transdermal Nicotine for the Treatment of Mood and Cognitive Symptoms in Nonsmokers With Late-Life Depression,老年期うつ病を有する非喫煙者における気分および認知症状の治療のための経皮ニコチン,2,1+1
448,31640576,"Peer-to-peer support model to improve quality of life among highly vulnerable, low-income older adults in Cape Town, South Africa",南アフリカ・ケープタウンにおける脆弱性の高い低所得高齢者の生活の質向上に向けたピアサポートモデル,2,0+1
451,35779670,The cardiometabolic depression subtype and its association with clinical characteristics: The Maastricht Study,心代謝性うつ病サブタイプと臨床的特徴との関連：マーストリヒト研究,2,1+0
468,40053803,Building Consensus on the Relevant Criteria to Screen for Depressive Symptoms Among Near-Centenarians and Centenarians: Modified e-Delphi Study,100歳近くの高齢者と100歳以上の高齢者における抑うつ症状のスクリーニング基準に関する合意形成：修正e-デルファイ法による研究,1,1+0
481,32863188,Impact of COVID-19 Pandemic on Health-Related Quality of Life in Uro-oncologic Patients: What Should We Wait For?,COVID-19パンデミックが泌尿器腫瘍患者における健康関連QOLに与える影響：何を待つべきか？,1,1+1
482,35764422,The association of depression and apathy with Alzheimer's disease biomarkers in a cross-cultural sample,抑うつと無気力とアルツハイマー病バイオマーカーの関連性：異文化間サンプルにおける検討,2,0+1
486,26917555,Apathy in Older Persons With Depression: Course and Predictors: The NESDO Study,うつ病を伴う高齢者の無関心：経過と予測因子：NESDO研究,2,1+0
487,26807552,Latent class analysis of the Apathy Scale does not identify subtypes of apathy in general population-based older persons,アパシー尺度に対する潜在クラス分析は、一般人口ベースの高齢者におけるアパシーのサブタイプを特定しない,2,0+1
488,28734148,Apathy in early and late-life depression,老年期初期および後期における無気力,2,1+1
498,32102601,Assessing Mental Health Difficulties of Persons With Huntington's Disease: Does Informant Presence Make a Difference?,ハンチントン病患者の精神保健上の困難の評価：情報提供者の同席は影響を与えるか？,2,0+1
499,33992530,Brain-based mechanisms of late-life depression: Implications for novel interventions,老年期うつ病の脳基盤メカニズム：新規介入への示唆,1,1+0
501,39235323,Effect of health conditions and community program participation on physical activity and exercise motivation in older adults,健康状態と地域プログラム参加が高齢者の身体活動および運動意欲に及ぼす影響,1,0+1
502,27031911,"Nutrition, Frailty and Prevention of Disabilities with Aging",加齢に伴う栄養状態、虚弱化、および障害予防,2,0+1
503,33935080,"Interventional Study to Evaluate the Clinical Effects and Safety of the Nutraceutical Compound BrainUp-10® in a Cohort of Patients with Alzheimer's Disease: A Multicenter, Randomized, Double-Blind, and Placebo-Controlled Trial",アルツハイマー病患者コホートにおける栄養補助食品化合物BrainUp-10®の臨床効果と安全性を評価する介入研究：多施設共同、無作為化、二重盲検、プラセボ対照試験,1,0+1
508,30296336,Effect of Relocation on Neuropsychiatric Symptoms in Elderly Adults Living in Long-Term Care,長期介護施設居住高齢者の神経精神症状に対する転居の影響,2,1+1
510,39862581,Behind closed doors: Homeboundness and psychosocial outcomes. Evidence from a longitudinal study of middle-aged and older adults,閉ざされた扉の向こう側：自宅拘束状態と心理社会的転帰。中高年者を対象とした縦断研究からの知見,2,1+1
511,38899465,Validation of the German version of the 25-item hikikomori questionnaire 25,25項目引きこもり質問票25のドイツ語版妥当性検証,2,0+1
513,32062052,Dealing with the behaviour of residents with dementia that challenges: A stepped-wedge cluster randomized trial of two types of dementia-specific case conferences in nursing homes (FallDem),認知症入居者の問題行動への対応：介護施設における2種類の認知症特化型ケースカンファレンスの段階的ウェッジ法クラスターランダム化試験（FallDem）,1,0+1
516,27048704,Socio-Emotional Adaptation Theory: Charting the Emotional Process of Alzheimer's Disease,社会感情的適応理論：アルツハイマー病の感情的プロセスの図式化,2,0+1
528,28694690,Social participation and perceived depression among elderly population in South Africa,南アフリカの高齢者における社会的参加と抑うつ感,2,0+1
544,36506467,"The longitudinal impact of the COVID-19 pandemic on health behaviors, psychosocial factors, and cognitive functioning in older adults",COVID-19パンデミックが高齢者の健康行動、心理社会的要因、認知機能に及ぼす経時的影響,2,1+0
550,28067611,Depressive Symptomatology and Priming Effects Among Younger and Older Adults,若年成人と高齢成人における抑うつ症状とプライミング効果,1,1+1
553,38942197,Modifiable risk factors for mild cognitive impairment among cognitively normal community-dwelling older adults: A systematic review and meta-analysis,認知機能正常な在宅高齢者の軽度認知障害に対する修正可能な危険因子：系統的レビューとメタ分析,2,0+1
554,29879608,Factor structure of the Geriatric Depression Scale and measurement invariance across gender among Chinese elders,高齢者抑うつ尺度（GDS）の因子構造と中国人高齢者における性別間の測定不変性,1,0+1
556,40438953,"Social isolation, loneliness, genetic risk, and incident dementia in people with type 2 diabetes mellitus: A population-based cohort study",2型糖尿病患者における社会的孤立、孤独感、遺伝的リスクと認知症発症：人口ベースコホート研究,1,0+1
559,33081505,Impact of exergames on psychiatric symptoms in older adults with serious mental illness,重篤な精神疾患を有する高齢者の精神症状に対するエクササイズゲームの影響,2,0+1
561,36190802,Social Frailty in Late Adulthood: Social Cognitive and Psychological Well-Being Correlates,老年期における社会的脆弱性：社会的認知と心理的幸福感の相関関係,2,1+1
563,30703703,Predictors of care dependency in nursing home residents with moderate to severe dementia: A cross-sectional study,中等度から重度の認知症を有する介護施設入居者の介護依存度予測因子：横断研究,2,0+1
564,31860641,Mood and behavioral problems are important predictors of quality of life of nursing home residents with moderate to severe dementia: A cross-sectional study,中等度から重度の認知症を有する介護施設入居者の生活の質における気分および行動問題の重要性：横断研究,2,0+1
566,29415276,"Apathy Is Associated With Greater Decline in Subjective, but not in Objective Measures of Physical Functioning in Older People Without Dementia",無関心は、認知症のない高齢者において、身体機能の主観的測定値のより大きな低下と関連しているが、客観的測定値とは関連していない,1,0+1
570,28065176,"Behavioural and psychological symptoms in general hospital patients with dementia, distress for nursing staff and complications in care: results of the General Hospital Study",一般病院における認知症患者の行動・心理症状、看護スタッフの苦痛、およびケア上の合併症：総合病院研究の結果,1,0+1
571,36775580,Relationship between grave visitation and apathy among community-dwelling older adults,在宅高齢者の墓参りと無気力感との関連性,1,0+1
580,36647923,Frailty under COVID-19 pandemic in Japan: Changes in prevalence of frailty from 2017 to 2021,日本におけるCOVID-19パンデミック下のフレイル：2017年から2021年までのフレイル有病率の変化,2,1+1
584,28181457,Cognitive and affective functions associated with insomnia: a population-based study,不眠に関連する認知機能と情動機能：人口ベース研究,2,1+1
585,31588880,"Yoga-plus exercise mix promotes cognitive, affective, and physical functions in elderly people",ヨガと運動の組み合わせが高齢者の認知機能、情動機能、身体機能を促進,2,0+1
587,35544317,Virtual Reality Intervention for Managing Apathy in People With Cognitive Impairment: Systematic Review,認知障害者の無気力管理のための仮想現実介入：系統的レビュー,1,0+1
597,40157435,Social interaction as a unique form of reward - Insights from healthy ageing and frontotemporal dementia,報酬としての社会的相互作用―健康な加齢と前頭側頭型認知症からの知見,2,0+1
617,30238866,Symptom prevalence and management in older adult patients in Lebanon,レバノンの高齢者患者における症状の有病率と管理,2,0+1
618,34991532,"What can we do when the smoke rolls in? An exploratory qualitative analysis of the impacts of rural wildfire smoke on mental health and wellbeing, and opportunities for adaptation",煙が立ち込めた時、我々は何ができるか？ 農村部における山火事の煙が精神的健康と幸福に与える影響、および適応の機会に関する探索的質的分析,1,1+1
619,33459663,"Life with Parkinson's Disease During the COVID-19 Pandemic: The Pressure Is ""OFF""",COVID-19パンデミック下におけるパーキンソン病との生活：「プレッシャーは『OFF』」,2,0+1
627,39311248,Physical Function Trajectory among High-Functioning Long-Term Care Facility Residents: Utilizing Japanese National Data,高機能長期療養施設入居者の身体機能の軌跡：日本の全国データを利用した分析,1,0+1
631,38400706,"Association of decreased frequency of conversation with depression, oral function and eating alone: A cross-sectional study of older adults during the COVID-19 pandemic",会話頻度の減少とうつ病、口腔機能、単独食事との関連性：COVID-19パンデミック下における高齢者を対象とした横断研究,2,1+1
633,28059789,The Mild Behavioral Impairment Checklist (MBI-C): A Rating Scale for Neuropsychiatric Symptoms in Pre-Dementia Populations,軽度行動障害チェックリスト（MBI-C）：認知症前段階集団における神経精神症状の評価尺度,2,0+1
639,34287277,Changes in Physical and Psychological States with Respect to the Gender of Outpatients Receiving Rehabilitation at Geriatric Health Services Facilities during the COVID-19 State of Emergency,COVID-19緊急事態宣言下における老年医療サービス施設でリハビリテーションを受ける外来患者の性別に応じた身体的・心理的状態の変化,1,1+1
648,34248608,Resting-State Functional Connectivity Signatures of Apathy in Community-Living Older Adults,在宅高齢者の無関心症における安静時機能的接続性の特徴,2,0+1
651,28129741,Life-space and movement behavior in nursing home residents: results of a new sensor-based assessment and associated factors,介護施設入居者の生活空間と移動行動：新たなセンサーベース評価の結果と関連要因,1,1+1
653,25984756,Developing the Person-Environment Apathy Rating for persons with dementia,認知症患者向け「人-環境無関心評価尺度」の開発,1,0+1
654,26055779,The Association Between Characteristics of Care Environments and Apathy in Residents With Dementia in Long-term Care Facilities,長期療養施設における認知症入居者のケア環境特性と無気力との関連性,2,1+1
655,31241031,Association between environmental stimulation and apathy in nursing home residents with dementia,認知症を有する介護施設入居者における環境刺激と無気力感の関連性,2,1+1
656,29437184,Real-Time Observation of Apathy in Long-Term Care Residents With Dementia: Reliability of the Person-Environment Apathy Rating Scale,認知症を伴う長期療養施設入居者における無気力のリアルタイム観察：人-環境無気力評価尺度の信頼性,1,0+1
658,33084927,Associations between depressive complaints and indicators of labour participation among older Dutch employees: a prospective cohort study,高齢オランダ人従業員における抑うつ症状と労働参加指標との関連性：前向きコホート研究,1,0+1
660,39129694,"Enhancing Outcomes in Alzheimer's Disease: Exploring the Effects of a Diversified Rehabilitation Program Combined with Donepezil on Apathy, Cognitive Function, and Family Caregiver Burden",アルツハイマー病における治療成果の向上：ドネペジルと組み合わせた多様化リハビリテーションプログラムが無気力、認知機能、家族介護者の負担に及ぼす影響の検討,2,0+1
663,41193992,Effectiveness of reminiscence therapy on multiple health outcomes for older adults: an umbrella review,高齢者における回想療法の複数の健康アウトカムへの有効性：アンブレラレビュー,1,0+1
665,35844786,Depressive symptoms and gender differences in older adults in Hong Kong during the COVID-19 pandemic: a network analysis approach,COVID-19パンデミック下における香港の高齢者の抑うつ症状と性差：ネットワーク分析アプローチ,2,1+1
669,32659778,A Mixed-Method Study on Strategies in Everyday Personal Goals among Community-Dwelling Older Adults,地域在住高齢者の日常的な個人的目標達成戦略に関する混合手法研究,1,0+1
675,38513369,Daily vitality fluctuations in older adults with depressive symptoms: A multilevel location-scale model,抑うつ症状を有する高齢者の日々の活力変動：多階層位置尺度モデルによる分析,2,1+1
682,29734988,Change in Cognition and Other Non-Motor Symptoms With Obstructive Sleep Apnea Treatment in Parkinson Disease,パーキンソン病における閉塞性睡眠時無呼吸症候群治療に伴う認知機能およびその他の非運動症状の変化,1,0+1
693,40271986,Introducing Virtual Reality to Home-Based Primary Care Veterans With Dementia,認知症を有する在宅一次医療退役軍人へのバーチャルリアリティ導入,1,0+1
700,40588789,Examining the combined effects of social isolation and oral dysfunction on cognitive decline in community-dwelling older Japanese adults,地域在住日本人高齢者における社会的孤立と口腔機能障害の認知機能低下への複合的影響の検討,1,0+1
701,33268471,Late onset depression: dopaminergic deficit and clinical features of prodromal Parkinson's disease: a cross-sectional study,遅発性うつ病：前駆期パーキンソン病におけるドーパミン作動性欠損と臨床的特徴：横断研究,2,1+0
706,26185903,Natural History of Poststroke Apathy During Acute Rehabilitation,急性期リハビリテーション中の脳卒中後無気力の自然経過,2,0+1
713,25651577,Urban social and built environments and trajectories of decline in social engagement in vulnerable elders: findings from Detroit's Medicaid home and community-based waiver population,脆弱な高齢者の社会的関与の低下軌跡と都市の社会的・建築環境：デトロイトのメディケイド在宅・地域基盤型免除対象者からの知見,1,1+0
715,31434232,Malnutrition is Associated with Behavioral and Psychiatric Symptoms of Dementia in Older Women with Mild Cognitive Impairment and Early-Stage Alzheimer's Disease,軽度認知障害および初期アルツハイマー病を有する高齢女性における認知症の行動・精神症状と栄養不良の関連性,2,0+1
722,39442414,The relationship between perceived engagement in meaningful activity and behavioral and psychological symptoms of dementia among assisted living residents,介護付き住宅居住者における有意義な活動への没頭感と認知症の行動・心理症状との関連性,1,0+1
725,36119701,Poor sleep quality is associated with fatigue and depression in early Parkinson's disease: A longitudinal study in the PALS cohort,パーキンソン病初期における睡眠の質の低下は疲労感と抑うつと関連する：PALSコホートにおける縦断研究,2,0+1
735,33393797,"Functional reserve: The residual variance in instrumental activities of daily living not explained by brain structure, cognition, and demographics",機能的予備能：脳構造、認知機能、人口統計学的要因では説明できない、手段的日常生活動作における残存分散,1,1+0
737,37381880,"Regional gray matter volume correlates with anxiety, apathy, and resilience in geriatric depression",老年期うつ病における不安、無関心、レジリエンスと局所灰白質容積の相関,1,1+1
738,33329088,Regional White Matter Integrity Predicts Treatment Response to Escitalopram and Memantine in Geriatric Depression: A Pilot Study,高齢者うつ病におけるエスキタロプラムおよびメマンチン治療反応を予測する局所白質完全性：パイロット研究,1,1+1
741,36464975,Mid- and Late-Life Physical Activity and Neuropsychiatric Symptoms in Dementia-Free Older Adults: Mayo Clinic Study of Aging,認知症のない高齢者を対象とした中年期および老年期の身体活動と神経精神症状：メイヨー・クリニック加齢研究,2,1+0
747,31327051,Moderate-to-high intensity exercise with person-centered guidance influences fatigue in older adults with rheumatoid arthritis,関節リウマチ高齢者の疲労に対する、個人中心の指導を伴う中強度～高強度の運動の影響,1,0+1
754,25687929,Eating Alone as Social Disengagement is Strongly Associated With Depressive Symptoms in Japanese Community-Dwelling Older Adults,社会的離脱としての単独食事は、日本の地域在住高齢者における抑うつ症状と強い関連性がある,2,0+1
761,40219895,Depression in older adults,高齢者のうつ病,1,1+1
766,29335041,Clinical correlates of resilience factors in geriatric depression,老年期うつ病におけるレジリエンス因子の臨床的相関,2,1+1
776,32449791,Neuropsychiatric symptoms and quality of life in Spanish patients with Alzheimer's disease during the COVID-19 lockdown,COVID-19ロックダウン下におけるスペイン人アルツハイマー病患者の神経精神症状と生活の質,2,1+1
778,37510946,Vascular Schizophrenia-like Psychosis in Older Adults,高齢者における血管性統合失調症様精神病,2,1+1
780,25677354,"Citalopram, methylphenidate, or their combination in geriatric depression: a randomized, double-blind, placebo-controlled trial",高齢者うつ病におけるシタロプラム、メチルフェニデート、またはそれらの併用：無作為化二重盲検プラセボ対照試験,2,1+1
784,40294408,Uncovering Social States in Healthy and Clinical Populations Using Digital Phenotyping and Hidden Markov Models: Observational Study,デジタルフェノタイピングと隠れマルコフモデルを用いた健常者および臨床集団における社会的状態の解明：観察研究,1,1+0
786,32426992,Independent associations of apathy and depressive symptoms with perceived social support in healthy older adults,健常高齢者における無関心・抑うつ症状と知覚された社会的支援の独立した関連性,2,1+1
790,40263062,Mediation Effects of Sleep Efficiency and Total Sleep Time of PSG and Apathy in Cognitively Unimpaired Older Adults With Childhood Trauma: A Community-Based Study,小児期トラウマを有する認知機能正常高齢者を対象としたPSGによる睡眠効率・総睡眠時間と無気力感の媒介効果：地域ベース研究,2,1+0
792,27662321,Alzheimer's Disease Severity is Not Significantly Associated with Short Sleep: Survey by Actigraphy on 208 Mild and Moderate Alzheimer's Disease Patients,アルツハイマー病の重症度は睡眠時間の短さと有意な関連性なし：軽度および中等度アルツハイマー病患者208名を対象としたアクチグラフ調査,2,0+1
820,31122239,Engaging 'hard to reach' groups in health promotion: the views of older people and professionals from a qualitative study in England,健康増進における「接触困難な」集団の関与：イングランドにおける質的研究から見た高齢者および専門家の見解,2,1+0
824,36402056,Effects of an empowerment-based educative psycho-behavioral program on neuropsychiatric symptoms among persons with mild cognitive impairment: A mixed methods study,軽度認知障害患者におけるエンパワーメントに基づく教育的心理行動プログラムが神経精神症状に及ぼす影響：混合方法研究,2,0+1
835,29306607,"The Prevalence and Correlates of Frailty in Urban and Rural Populations in Latin America, China, and India: A 10/66 Population-Based Survey",ラテンアメリカ、中国、インドの都市部および農村部における虚弱の有病率と相関関係：10/66 人口ベースの調査,1,1+1
845,39031368,Social Dysfunction and Apathy: Transdiagnostic Domains in Late-Life Cognitive Disorders,社会的機能障害と無関心：老年期認知障害における横断的診断領域,2,0+1
846,30103335,"Social Dysfunction in Older Age and Relationships with Cognition, Depression, and Apathy: The GreatAGE Study",高齢期の社会的機能障害と認知機能・抑うつ・無関心との関連：GreatAGE研究,2,0+1
852,40550276,Bidirectional relationships between cognitive decline and depression: A study of middle-aged and older adults using cross-lagged panel network analysis,認知機能低下と抑うつ症状の双方向的関係：クロスラグパネルネットワーク分析を用いた中高年者を対象とした研究,2,0+1
854,38781250,Chronic exercise effects on overall depression severity and distinct depressive symptoms in older adults: A protocol of a systematic and meta-analytic review,高齢者における慢性的な運動がうつ病の重症度全体および特定の抑うつ症状に及ぼす影響：系統的レビューおよびメタ分析のプロトコル,2,1+1
873,33192732,The Impact of COVID-19 Infection and Enforced Prolonged Social Isolation on Neuropsychiatric Symptoms in Older Adults With and Without Dementia: A Review,COVID-19感染と強制的な長期社会的隔離が認知症有無にかかわらず高齢者の神経精神症状に与える影響：レビュー,2,1+1
876,38212973,The Effect of Social Isolation on 1-Year Outcomes After Surgical Repair of Low-Energy Hip Fracture,低エネルギー性股関節骨折手術後1年経過における社会的孤立の影響,2,1+1
877,37020737,"Cutoff scores for the ""Interest game"", an application for the assessment of diminished interest in neurocognitive disorders",神経認知障害における興味減退評価ツール「興味ゲーム」のカットオフスコア,2,0+1
878,30993719,A survey on the prevalence of apathy in elderly people referred to specialized memory centers,専門記憶センターに紹介された高齢者における無気力の有病率に関する調査,2,1+1
880,25852542,"'Kitchen and cooking,' a serious game for mild cognitive impairment and Alzheimer's disease: a pilot study",軽度認知障害およびアルツハイマー病向けシリアスゲーム「キッチンと料理」：パイロット研究,2,0+1
881,33442845,The impact of lockdown during SARS-CoV-2 outbreak on behavioral and psychological symptoms of dementia,SARS-CoV-2流行時のロックダウンが認知症の行動・心理症状に与える影響,2,1+0
886,39531267,The Effects of Virtual Reality-Based Reminiscence Therapies for Older Adults With Cognitive Impairment: Systematic Review,認知機能障害を有する高齢者に対する仮想現実ベースの回想療法の効果：系統的レビュー,2,0+1
888,33745342,Visiting Out-of-Home Places When Living With Dementia: A Cross-Sectional Observational Study: Visiter des lieux hors du domicile lorsque l'on vit avec une démence: étude transversale observationnelle,認知症と共に生きる際の自宅外場所への訪問：横断的観察研究,2,1+1
899,29383616,Assessment of Snaith-Hamilton Pleasure Scale (SHAPS): the dimension of anhedonia in Italian healthy sample,Snaith-Hamilton Pleasure Scale (SHAPS) の評価：イタリアの健康なサンプルにおける快感欠如の次元,2,0+1
902,33786884,Association between apathy and satisfaction with meaningful activities in older adults with mild cognitive impairment: A population-based cross-sectional study,軽度認知障害を有する高齢者における無関心と有意義な活動への満足度の関連性：人口ベース横断研究,2,0+1
903,35753049,Associations between apathy and comprehensive frailty as assessed by the Kihon Checklist among community-dwelling Japanese older adults,地域在住日本人高齢者における無関心と基本チェックリストによる包括的虚弱度の関連性,2,0+1
904,28100894,[Initiatives for community building in an urban semi-marginal village: Progress of the Ajinadai Lively Project and future challenges],[都市部準辺境村落におけるコミュニティ構築の取り組み：アジーナダイ活気プロジェクトの進捗と今後の課題],2,1+1
910,38306041,Relationship between Loneliness and Mild Behavioral Impairment: Validation of the Japanese Version of the MBI Checklist and a Cross-Sectional Study,孤独感と軽度行動障害の関係：MBIチェックリスト日本語版の妥当性検証と横断研究,2,1+1
911,40901038,"Functional benefits of ultra-high hydrostatic pressurized brown rice on cognition, apathy, and bone health in older adults: A 12-month randomized controlled trial",超高圧水圧処理玄米が高齢者の認知機能、無気力、骨健康に及ぼす機能的効果：12ヶ月間無作為化比較試験,2,0+1
914,34108874,Mild Behavioral Impairment Is Associated With Atrophy of Entorhinal Cortex and Hippocampus in a Memory Clinic Cohort,軽度行動障害は記憶クリニックコホートにおける内嗅皮質および海馬の萎縮と関連する,2,0+1
915,38279143,Mild behavioral impairment in early Alzheimer's disease and its association with APOE and BDNF risk genetic polymorphisms,初期アルツハイマー病における軽度行動障害とAPOEおよびBDNFリスク遺伝子多型との関連,2,0+1
923,33761300,Barriers and facilitators of meaningful engagement among older migrants living with dementia in residential aged care facilities: A mixed studies systematic review,認知症を伴う高齢者移民の居住型高齢者ケア施設における有意義な関与の障壁と促進要因：混合研究法による系統的レビュー,2,0+1
932,30499598,Late life depression: nursing actions that can help,老年期うつ病：支援可能な看護介入,2,0+1
944,28452648,IRT Analysis of the Frontal Systems Behavior Scale: Identifying the Best Items for Use with Geriatric Patients in Primary Care,前頭葉システム行動スケールのIRT分析：プライマリケアにおける高齢者患者への最適な項目の特定,2,0+1
967,31735487,"Effects of Cognitive Rehabilitation on Cognition, Apathy, Quality of Life, and Subjective Complaints in the Elderly: A Randomized Controlled Trial",高齢者における認知リハビリテーションが認知機能、無関心、生活の質、主観的苦情に及ぼす影響：無作為化比較試験,2,1+1
973,32108530,"Perceived Hearing Loss, Social Disengagement, and Declines in Memory",自覚的聴力低下、社会的離脱、および記憶力の低下,2,0+1
983,35490476,Association of social isolation and smartphone use on cognitive functions,社会的孤立とスマートフォン使用が認知機能に及ぼす影響,2,0+1
986,31918561,Qualitative study of loneliness in a senior housing community: the importance of wisdom and other coping strategies,高齢者住宅コミュニティにおける孤独感の質的研究：知恵とその他の対処戦略の重要性,2,0+1
992,28931446,Prevalence estimates of mild behavioral impairment in a population-based sample of pre-dementia states and cognitively healthy older adults,認知症前段階および認知機能正常高齢者を対象とした集団ベースサンプルにおける軽度行動障害の有病率推定,2,1+1
995,38545654,A Longitudinal Framework to Describe the Relation Between Age-Related Hearing Loss and Social Isolation,加齢性難聴と社会的孤立の関係を記述する縦断的枠組み,2,0+1
996,34911368,The Impact of a Dementia-Friendly Garden Design on People With Dementia in a Residential Aged Care Facility: A Case Study,認知症に配慮した庭園設計が高齢者介護施設入居者の認知症患者に与える影響：事例研究,2,1+0
997,33598981,Apathy and agitation in institutionalized older adults: an empirically derived classification,施設入所高齢者の無関心と興奮：実証的に導出された分類,2,1+0
999,28329867,Effectiveness of a Virtual Reality Forest on People With Dementia: A Mixed Methods Pilot Study,認知症患者に対する仮想現実森林の効果：混合手法によるパイロット研究,2,1+0
1013,35594063,Assessment of Social Behavior Using a Passive Monitoring App in Cognitively Normal and Cognitively Impaired Older Adults: Observational Study,認知機能正常および認知機能障害高齢者を対象とした受動的モニタリングアプリを用いた社会行動の評価：観察研究,2,0+1
1014,32148563,Personality Factors and Subjective Cognitive Decline: The FACEHBI Cohort,性格要因と主観的認知機能低下：FACEHBIコホート,2,1+0
1016,39549084,"Prevention of frailty in relation with social out-of-home activities in older adults: results from the Survey of Health, Ageing, and Retirement in Europe",高齢者の社会的外出活動と虚弱予防の関係：欧州健康・高齢化・退職調査（SHARE）からの知見,2,1+1
1027,37782967,Association between willingness to participate in physical and social activities and loneliness in older adults: A stratified analysis by social isolation status,身体的・社会的活動への参加意欲と高齢者の孤独感との関連：社会的孤立状態による層別分析,2,1+1
1028,34948879,Meaningful Activities and Psychosomatic Functions in Japanese Older Adults after Driving Cessation,運転中止後の日本人高齢者における有意義な活動と心身機能,2,1+1
1038,33293470,[Psychiatric Disorders in the Oldest-Old],[最高齢高齢者における精神疾患],2,1+1
1043,40939399,Symptoms on the first day after discharge from the intensive care unit:A cross-sectional study,集中治療室退室翌日の症状：横断研究,2,1+1
1045,32410651,Factors associated with good health among older persons who received a preventive home visit: a cross-sectional study,予防的家庭訪問を受けた高齢者の良好な健康に関連する要因：横断研究,2,1+1
1049,33224927,Apathy Classification Based on Doppler Radar Image for the Elderly Person,高齢者向けドップラーレーダー画像に基づく無関心症分類,2,1+0
1060,30685297,Potentially modifiable determinants of malnutrition in older adults: A systematic review,高齢者における栄養不良の潜在的に修正可能な決定要因：系統的レビュー,2,0+1
1062,34183087,A tablet-based intervention for activating nursing home residents with dementia: results from a cluster-randomized controlled trial,認知症の介護施設入居者を活性化するためのタブレット端末を用いた介入：クラスターランダム化比較試験の結果,2,1+0
1063,39543583,How do apathetic and depressive symptoms relate to functional capacity? A cross-sectional survey among community-dwelling middle-aged and older adults in Japan,無関心症状と抑うつ症状は機能的能力とどのように関連するか？ 日本の地域在住中高年者を対象とした横断調査,2,1+1
1064,35895056,Comparison of Functional and Structural Neural Network Features in Older Adults With Depression With vs Without Apathy and Association With Response to Escitalopram: Secondary Analysis of a Nonrandomized Clinical Trial,無関心のあるうつ病高齢者と無関心のないうつ病高齢者の機能的および構造的神経ネットワーク特徴の比較とエスシタロプラムへの反応との関連：非無作為化臨床試験の二次分析,2,0+1
1065,39986906,Multisensory stimulation reduces neuropsychiatric symptoms and enhances cognitive function in older adults with dementia: A meta-analysis of randomized controlled trials,認知症高齢者の神経精神症状軽減と認知機能向上における多感覚刺激の効果：無作為化比較試験のメタ分析,2,1+0
1077,30238588,Prevalence of depressed mood and loss of interest among community-dwelling older people: Large-scale questionnaire survey and visiting intervention,地域在住高齢者における抑うつ気分および興味喪失の有病率：大規模質問票調査と訪問介入,2,1+1
1095,32023367,The Value of Neuropsychological Assessment in the Differentiation Between Behavioral Variant Frontotemporal Dementia and Late-Onset Psychiatric Disorders,行動変異型前頭側頭型認知症と遅発性精神疾患の鑑別における神経心理学的評価の有用性,2,1+0
1105,26626463,Is the experience of meaningful activities understood in nursing homes? A qualitative study,介護施設における有意義な活動の経験は理解されているか？：質的研究,2,1+0
1126,38593940,"Treatment resistant late-life depression: A narrative review of psychosocial risk factors, non-pharmacological interventions, and the role of clinical phenotyping",治療抵抗性老年期うつ病：心理社会的危険因子、非薬物療法、臨床的表現型分類の役割に関するナラティブレビュー,1,1+0
1128,38344232,Productive art engagement in a hybrid format: effects on emotions of older adults during COVID-19 pandemic,ハイブリッド形式における創造的芸術活動：COVID-19パンデミック下の高齢者の感情への影響,2,1+1
1130,32718797,Clustering of Behavioral Changes and Their Associations With Cognitive Decline in Older Adults,高齢者の行動変化のクラスタリングと認知機能低下との関連性,1,1+1
1133,37980780,"Doll therapy for improving behavior, psychology and cognition among older nursing home residents with dementia: A systematic review and meta-analysis",認知症高齢介護施設入居者の行動・心理・認知機能改善のためのドール療法：系統的レビューとメタ分析,2,0+1
1148,39419460,Sex-Differential Markers of Psychiatric Risk and Treatment Response Based on Premature Aging of Functional Brain Network Dynamics and Peripheral Physiology,機能的脳ネットワークダイナミクスと末梢生理学の早期老化に基づく、精神疾患リスクと治療反応の性差マーカー,2,0+1
1152,35036984,Relationship of smoking with current and future social isolation and loneliness: 12-year follow-up of older adults in England,喫煙と現在および将来の社会的孤立・孤独感との関連性：イングランド高齢者における12年間の追跡調査,2,1+0
1164,32680763,Cortical Thickness of the Salience Network and Change in Apathy Following Antidepressant Treatment for Late-Life Depression,老年期うつ病に対する抗うつ薬治療後のサリエンシーネットワークの皮質厚さと無気力感の変化,2,0+1
1175,35210344,Experience of depression in older adults with and without a physical long-term condition: findings from a qualitative interview study,身体的慢性疾患の有無による高齢者の抑うつ体験：質的インタビュー研究からの知見,2,1+1
1200,27153818,Multidimensional model of apathy in older adults using partial least squares--path modeling,部分最小二乗法-パスモデリングを用いた高齢者における無気力症の多次元モデル,2,0+1
1202,27184521,"Apathy and Its Response to Antipsychotic Review and Nonpharmacological Interventions in People With Dementia Living in Nursing Homes: WHELD, a Factorial Cluster Randomized Controlled Trial",介護施設入所認知症患者における無気力と抗精神病薬見直し・非薬物療法への反応：WHELD因子クラスター無作為化比較試験,2,1+1
1207,37348392,"The effectiveness of a therapeutic robot, 'Paro', on behavioural and psychological symptoms, medication use, total sleep time and sociability in older adults with dementia: A systematic review and meta-analysis",認知症高齢者の行動・心理症状、服薬状況、総睡眠時間、社交性に対する治療用ロボット「パロ」の効果：系統的レビューとメタ分析,2,1+1
1213,25709422,A new delirium phenotype with rapid high amplitude onset and nearly as rapid reversal: Central Coast Australia Delirium Intervention Study,急速な高振幅発症とほぼ同等の速さで回復する新たなせん妄表現型：オーストラリア・セントラルコーストせん妄介入研究,2,0+1
1218,36758621,Fully Immersive Virtual Reality Using 360° Videos to Manage Well-Being in Older Adults: A Scoping Review,高齢者におけるウェルビーイング管理のための360°動画を用いた完全没入型仮想現実：スコーピングレビュー,2,1+0
1240,34515776,Age Discrimination in the Context of Motivation and Healthy Aging,動機付けと健康的な加齢の文脈における年齢差別,2,1+0
1241,31156171,Does Personality Predict Behavioral and Psychological Symptoms of Dementia? Results from PACO Prospective Study,人格特性は認知症の行動・心理症状を予測するか？ PACO前向き研究の結果,2,0+1
1245,37914222,Connectivity patterns of the core resting-state networks associated with apathy in late-life depression,老年期うつ病における無気力に関連する安静時中核ネットワークの接続パターン,2,1+0
1248,27802775,Coping strategies in Spanish older adults: a MIMIC model of socio-demographic characteristics and activity level,スペイン人高齢者の対処戦略：社会人口統計学的特性と活動レベルのMIMICモデル,2,1+0
1253,25123689,Mobility Limitation and Changes in Personal Goals Among Older Women,高齢女性における移動制限と個人的目標の変化,2,0+1
1265,33407194,Physical exercise for individuals with dementia: potential benefits perceived by formal caregivers,認知症患者に対する身体運動：介護者が認識する潜在的な利点,2,1+0
1298,28914089,Art museum-based intervention to promote emotional well-being and improve quality of life in people with dementia: The ARTEMIS project,認知症患者の情緒的幸福感促進と生活の質向上を目的とした美術館ベース介入：ARTEMISプロジェクト,2,0+1
1301,30398087,Risk factors for social withdrawal in amyotrophic lateral sclerosis/motor neurone disease,筋萎縮性側索硬化症／運動ニューロン疾患における社会的引きこもりの危険因子,2,0+1
1315,34669540,Self-perceptions of aging and depressive symptoms: the mediating role of loneliness,加齢に関する自己認識と抑うつ症状：孤独感の媒介的役割,1,1+1
1316,27618648,Independent and joint associations of physical activity and fitness with fibromyalgia symptoms and severity: The al-Ándalus project,身体活動およびフィットネスと線維筋痛症の症状および重症度との独立および共同関連性：アル・アンダルス・プロジェクト,2,0+1
1320,30667129,Self-stigma among Korean patients with diabetes: A concept analysis,韓国人糖尿病患者における自己スティグマ：概念分析,2,1+0
1325,26150429,The roles of resilience and nonmotor symptoms in adjustment to Parkinson's disease,パーキンソン病への適応におけるレジリエンスと非運動症状の役割,2,1+0
1337,39164158,Worse Morning Energy Profiles Are Associated with Significant Levels of Stress and Decrements in Resilience in Patients Receiving Chemotherapy,化学療法を受けている患者における朝のエネルギープロファイルの悪化は、著しいストレスレベルおよびレジリエンスの低下と関連している,1,0+1
1339,39052823,Health Care Team Interventions for Older Adults With Distress Behaviors: A Systematic Review,苦痛行動を呈する高齢者に対する医療チーム介入：系統的レビュー,1,0+1
1341,27605868,Treatment resistant depression or dementia: a case report,治療抵抗性うつ病または認知症：症例報告,1,1+1
1350,29037500,"Motor, behavioural, and cognitive correlates of fatigue in early, de novo Parkinson disease patients",初期・新規発症パーキンソン病患者における疲労の運動機能・行動・認知的相関,2,1+0
1354,37711233,Older adults' perspectives towards optimizing lifestyle behaviors and strategies to support healthy brain ageing during COVID-19 restrictions,COVID-19制限下における健康的な脳老化を支える生活習慣の最適化と戦略に対する高齢者の視点,2,1+0
1360,33132939,"Neuropsychiatric Symptoms in Elderly With Dementia During COVID-19 Pandemic: Definition, Treatment, and Future Directions",COVID-19パンデミック下における認知症高齢者の神経精神症状：定義、治療、今後の方向性,2,1+0
1362,32166190,Community health promotion programs for older adults: What helps and hinders implementation,高齢者向け地域保健増進プログラム：実施を促進・阻害する要因,1,1+1
1374,39868558,Association of Depression Dimensions With Cognitive Functioning in Community-Dwelling Oldest-Old Adults: The LifeAfter90 Study,地域在住最高齢高齢者における抑うつ次元の認知機能との関連性：LifeAfter90研究,2,1+1
1375,39092182,Speech markers of depression dimensions across cognitive status,認知機能レベルを横断した抑うつ次元の言語マーカー,2,1+0
1380,28327492,Pet therapy: an effective strategy to care for the elderly? An experimental study in a nursing home,ペットセラピー：高齢者ケアの効果的な戦略か？ 介護施設における実験的研究,1,0+1
1382,35342090,Apathy in UK Care Home Residents with Dementia: Longitudinal Course and Determinants,英国介護施設入居者における認知症に伴う無関心：縦断的経過と決定要因,2,0+1
1385,33424685,"Causality Orientations and Supportive/Controlled Environment: Understanding Their Influence on Basic Needs, Motivation for Health and Emotions in French Hospitalized Older Adults",因果関係志向と支援的／管理された環境：フランス入院高齢者の基本的ニーズ、健康への動機付け、感情への影響の理解,2,0+1
1386,27002495,"Perceived autonomy support, psychological needs satisfaction, depressive symptoms and apathy in French hospitalized older people",フランス人入院高齢者の自律性支援の知覚、心理的ニーズ充足、抑うつ症状および無関心,2,1+1
1390,35128762,The Effects of COVID-19 lockdown on neuropsychiatric symptoms in patients with dementia or mild cognitive impairment: A systematic review and meta-analysis,COVID-19ロックダウンが認知症または軽度認知障害患者の神経精神症状に及ぼす影響：系統的レビューとメタ分析,2,0+1
1392,33076372,Subclinical Cognitive and Neuropsychiatric Correlates and Hippocampal Volume Features of Brain White Matter Hyperintensity in Healthy People,健常者における脳白質高信号域の亜臨床的認知・神経精神相関と海馬体積特徴,2,1+0
1396,39887591,"The Psychological, Cognitive, and Behavioural Effects of Starvation in Humans: A Scoping Review",ヒトにおける飢餓の心理的、認知的、行動的影響：スコープレビュー,2,1+1
1405,36572691,"The neurobiology of apathy in depression and neurocognitive impairment in older adults: a review of epidemiological, clinical, neuropsychological and biological research",うつ病における無気力と高齢者の神経認知障害の神経生物学：疫学的・臨床的・神経心理学的・生物学的研究のレビュー,2,1+1
1407,40683774,"Depression and apathy in older adults: Diagnostic relevance, clinical implications and challenges",高齢者の抑うつと無関心：診断的意義、臨床的示唆、および課題,2,0+1
1420,37385899,"Cognitive, Disability, and Treatment Outcome Implications of Symptom-Based Phenotyping in Late-Life Depression",老年期うつ病における症状ベースの表現型分類が認知機能、障害、治療結果に及ぼす影響,2,1+1
1423,33091165,Importance of loneliness in behavioral and psychological symptoms of dementia,認知症の行動・心理症状における孤独感の重要性,2,1+0
1426,28855464,[The effects of quality of life on behavioral and psychological symptoms in elderly people with dementia residing at long-term care facilities],[介護施設入所高齢認知症患者の行動心理症状に対する生活の質の影響],2,1+1
1427,30799347,Patient Health Questionnaire-2 Screening for Depressive Symptoms in Japanese Outpatients with Heart Failure,心不全外来患者における抑うつ症状のスクリーニング：患者健康質問票-2を用いた検討,2,1+0
1435,31223247,Relationship of Apathy with Depressive Symptom Severity and Cognitive Functions in Geriatric Depression,老年期うつ病における無関心と抑うつ症状の重症度および認知機能との関連,2,1+1
1439,37194465,Distinct latent symptom profiles in late-onset depressive symptoms in community-dwelling older adults,地域在住高齢者の遅発性抑うつ症状における顕著な潜在症状プロファイル,2,1+1
1447,31177644,"A systematic review and meta-analysis on basic psychological need satisfaction, motivation, and well-being in later life: Contributions of self-determination theory",老年期における基本的心理的欲求充足、動機付け、および幸福感に関する系統的レビューとメタ分析：自己決定理論の貢献,2,1+1
1459,25974049,Effect of a high-intensity exercise program on physical function and mental health in nursing home residents with dementia: an assessor blinded randomized controlled trial,認知症の介護施設入居者における身体機能と精神的健康に対する高強度運動プログラムの効果：評価者盲検ランダム化比較試験,2,1+0
1471,40027981,Exploring the Lived Experience of Elderly Transgender People: Qualitative Phenomenological Study,高齢トランスジェンダーの体験を探る：質的現象学的研究,2,1+1
1476,38839316,[A longitudinal study of the association between physical activity and apathy among community-dwelling older adults],[地域在住高齢者における身体活動と無気力感の関連性に関する縦断研究],2,0+1
1481,36240173,"Digital phenotyping by wearable-driven artificial intelligence in older adults and people with Parkinson's disease: Protocol of the mixed method, cyclic ActiveAgeing study",高齢者およびパーキンソン病患者におけるウェアラブル駆動型人工知能によるデジタルフェノタイピング：混合手法による周期的ActiveAgeing研究のプロトコル,2,0+1
1488,37732590,Health-related quality of life and mild behavioral impairment in older adults without dementia,認知症のない高齢者の健康関連QOLと軽度行動障害,2,0+1
1490,31771056,Early Emergence of Neuropsychiatric Symptoms in Cognitively Normal Subjects and Mild Cognitive Impairment,認知正常者および軽度認知障害における神経精神症状の早期出現,2,0+1
1496,38982845,Clinical recognition of frontotemporal dementia with right anterior temporal predominance: A multicenter retrospective cohort study,右側前頭側頭葉優位の前頭側頭型認知症の臨床的認識：多施設共同後ろ向きコホート研究,2,0+1
1497,38462968,Validation of the Japanese version of the Social Functioning in Dementia scale and COVID-19 pandemic's impact on social function in mild cognitive impairment and mild dementia,認知症における社会機能評価尺度（SFID）日本語版の妥当性検証と、軽度認知障害および軽度認知症におけるCOVID-19パンデミックの社会機能への影響,2,1+0
1504,40724201,Diminished Social and Leisure Engagement in Community Dwelling-Older Adults with Apathy,無気力状態の高齢者における社会活動・余暇活動の減少,2,1+1
1505,40203967,Motor dysfunction in late life depression: A mood or movement disorder?,老年期うつ病における運動機能障害：気分障害か運動障害か？,2,0+1
1508,27943444,Frequency and intensity of symptoms and treatment interventions in hospitalized older palliative cancer patients: a multicentre cross-sectional study,入院中の高齢緩和ケアがん患者における症状と治療介入の頻度および強度：多施設横断研究,2,1+1
1513,38720624,Apathy and Depression Among People Aging With Traumatic Brain Injury: Relationships to Cognitive Performance and Psychosocial Functioning,外傷性脳損傷を抱えて高齢化する人々における無関心と抑うつ：認知機能と心理社会的機能との関係,2,0+1
1517,29494058,Methylphenidate,メチルフェニデート,1,1+0
1520,28396180,Polypharmacy Is Associated With Higher Frailty Risk in Older People: An 8-Year Longitudinal Cohort Study,高齢者における多剤併用は虚弱リスクの上昇と関連：8年間の縦断的コホート研究,2,1+1
1526,30336992,Behavioral Problems and Dementia,行動問題と認知症,2,0+1
1528,35307654,PSYCHOLOGICAL FEATURES OF MODERN ELDERLY PEOPLE'S ACTIVE LIFE POSITION,現代高齢者の積極的な生活姿勢の心理的特徴,2,1+1
1529,37741610,"Apathy Symptoms, Physical and Cognitive Function, Health-Related Quality of Life, and Mortality in Older Patients With CKD: A Longitudinal Observational Study",CKD高齢患者における無関心症状、身体機能・認知機能、健康関連QOL、および死亡率：縦断的観察研究,2,0+1
1530,38452292,Persistence and emergence of new neuropsychological deficits following SARS-CoV-2 infection: A follow-up assessment of the Geneva COVID-COG cohort,SARS-CoV-2感染後の新たな神経心理学的障害の持続と出現：ジュネーブCOVID-COGコホートの追跡評価,2,1+1
1542,39634772,Brain function assessment of acupuncture for chronic insomnia disorder with mild cognitive dysfunction based on fNIRS: protocol for a randomized controlled trial,軽度認知機能障害を伴う慢性不眠症に対する鍼治療の脳機能評価：fNIRSに基づく無作為化比較試験プロトコル,2,1+0
1543,32518060,Guided Self-Help Behavioral Activation Intervention for Geriatric Depression: Protocol for Pilot Randomized Controlled Trial,老年期うつ病に対するガイド付き自助行動活性化介入：パイロットランダム化比較試験プロトコル,2,1+0
1546,28582564,"Disengagement as Withdrawal From Public Space: Rethinking the Relation Between Place Attachment, Place Appropriation, and Identity-Building Among Older Adults",公共空間からの離脱としての離脱：高齢者における場所への愛着、場所の占有、アイデンティティ構築の関係の再考,2,1+1
1548,38640961,Guideline Recommendations on Behavioral and Psychological Symptoms of Dementia: A Systematic Review,認知症の行動・心理症状に関するガイドライン推奨事項：系統的レビュー,1,1+1
1553,41214532,Network analysis of neuropsychiatric symptoms in mild behavioral impairment among nursing homes: an observational study,介護施設における軽度行動障害の神経精神症状のネットワーク分析：観察研究,2,0+1
1554,35165292,The effects of the COVID-19 pandemic on neuropsychiatric symptoms in dementia and carer mental health: an international multicentre study,COVID-19パンデミックが認知症患者の神経精神症状と介護者のメンタルヘルスに及ぼす影響：国際多施設共同研究,2,1+0
1558,39856128,Consequences of COVID-19 for geriatric patients during a pandemic,パンデミック下における高齢者患者へのCOVID-19の影響,2,1+1
1559,36072479,Effect of exercise intervention on social distance in middle-aged and elderly patients with chronic low back pain,慢性腰痛を有する中高年患者における運動介入が社会的距離に及ぼす影響,2,0+1
1563,28168438,Old man-young man: T.S. Eliot's Gerontion and the problem of identity,老人と若者：T・S・エリオットの『ジェロンティオン』とアイデンティティの問題,2,1+0
1565,33682540,"Awareness of age-related change, future time perspective, and implications for goal adjustment in older adulthood",加齢に伴う変化の認識、将来の時間的展望、および老年期における目標調整への示唆,2,1+0
1568,35599483,Gender/Sex Differences in the Association of Mild Behavioral Impairment with Cognitive Aging,軽度行動障害と認知老化との関連における性別差,2,0+1
1574,26181568,Clinical Significance of Cerebrovascular Biomarkers and White Matter Tract Integrity in Alzheimer Disease: Clinical correlations With Neurobehavioral Data in Cross-Sectional and After 18 Months Follow-ups,アルツハイマー病における脳血管バイオマーカーと白質路完全性の臨床的意義：横断的調査および18ヶ月追跡調査における神経行動学的データとの臨床的相関,2,0+1
1582,26933435,Obtaining Information from Family Caregivers Is Important to Detect Behavioral and Psychological Symptoms and Caregiver Burden in Subjects with Mild Cognitive Impairment,軽度認知障害患者における行動・心理症状および介護負担の検出には家族介護者からの情報収集が重要,2,0+1
1583,40618026,Examining apathy prevalence and associated factors among older adults after the Great East Japan Earthquake: a mixed-methods study,東日本大震災後の高齢者における無気力症の有病率と関連要因の検討：混合研究法による研究,2,1+1
1584,37932240,Social isolation and well-being among families of middle-aged and older hikikomori people,中高年のひきこもり者の家族における社会的孤立と幸福感,2,1+0
1587,37396666,The neural correlates of apathy in the context of aging and brain disorders: a meta-analysis of neuroimaging studies,加齢および脳疾患における無気力の神経相関：神経画像研究のメタ分析,2,1+1
1589,32717901,The Role of Bedroom Privacy in Social Interaction among Elderly Residents in Nursing Homes: An Exploratory Case Study of Hong Kong,介護施設における高齢入居者の社会的交流における寝室のプライバシーの役割：香港における探索的ケーススタディ,2,1+0
1596,30999680,Low-Grade Inflammation Is Associated with Apathy Indirectly via Deep White Matter Lesions in Community-Dwelling Older Adults: The Sefuri Study,低度炎症は地域在住高齢者において深部白質病変を介して間接的に無気力と関連する：セフリ研究,2,1+0
1597,26300077,Leisure-Time Physical Inactivity Associated with Vascular Depression or Apathy in Community-Dwelling Elderly Subjects: The Sefuri Study,地域在住高齢者における血管性抑うつまたは無気力と余暇時間の身体活動不足との関連：瀬府里研究,2,1+0
1598,30868501,Neuropsychiatric Symptoms and Cognitive Impairment in Chinese Patients with Parkinson's Disease in Han and Hui Ethnicity,漢民族および回族の中国パーキンソン病患者における神経精神症状と認知機能障害,2,1+1
1599,40252512,Central symptoms of depression and their associations with health-related quality of life among migrant older with children: A network analysis,うつ病の中核症状と、子供を持つ移住高齢者における健康関連QOLとの関連：ネットワーク分析,2,1+0
1602,40462618,Tackling gender in progressive supranuclear palsy: Male patients present more apathy,進行性核上性麻痺における性差の検討：男性患者はより無気力を示す,2,1+0
1612,36261343,"[Challenges, prevention, and countermeasures for social withdrawal (hikikomori) by age group]",[年齢層別における社会的引きこもり（ひきこもり）の課題、予防、対策],2,1+0
1620,39603508,Associations of Mild Behavioral Impairment Domains with Brain Volumes: Cross-sectional Analysis of Atherosclerosis Risk in Community (ARIC) Study,軽度行動障害領域と脳容積の関連性：地域住民における動脈硬化リスク（ARIC）研究の横断的分析,2,1+0
1623,25047306,"Apathy in late-life depression: common, persistent, and disabling",老年期うつ病における無関心：頻発・持続的・機能障害を伴う,2,1+1
1627,33787499,Correlations Between Facial Expressivity and Apathy in Elderly People With Neurocognitive Disorders: Exploratory Study,神経認知障害を有する高齢者における表情表現性と無関心との相関：探索的研究,2,1+0
1633,37922191,Internet use and loneliness among older Chinese adults,中国高齢者のインターネット利用と孤独感,2,1+0
1634,27993522,Non-motor symptoms and the quality of life in multiple system atrophy with different subtypes,非運動症状と異なるサブタイプにおける多系統萎縮症の生活の質,2,1+0
1636,36979186,Mental Fatigue Is Associated with Subjective Cognitive Decline among Older Adults,精神的疲労は高齢者の主観的認知機能低下と関連する,2,1+1
1638,35183116,Sarcopenia and motoric cognitive risk syndrome: a moderated mediation model,サルコペニアと運動認知リスク症候群：調整された媒介モデル,2,0+1
1642,38778380,Oral frailty: a concept analysis,口腔脆弱性：概念分析,2,0+1
1643,40480282,The Relationship Between Frailty and Psychological Functioning in Community-Dwelling Older Adults: A Systematic Review,地域在住高齢者における虚弱度と心理機能の関係：系統的レビュー,2,1+0
1645,38976268,Dementia Subtypes Defined Through Neuropsychiatric Symptom-Associated Brain Connectivity Patterns,神経精神症状に関連する脳接続パターンによって定義される認知症のサブタイプ,2,1+0
1647,31852160,High prevalence of sleep disorders and behavioral and psychological symptoms of dementia in late-onset Alzheimer disease: A study in Eastern China,遅発性アルツハイマー病における睡眠障害および認知症の行動・心理症状の高頻度：中国東部における研究,2,1+1
1651,36284449,"Distinguishing apathy and depression in older adults with mild cognitive impairment using text, audio, and video based on multiclass classification and shapely additive explanations",多クラス分類とShapely Additive Explanationsに基づくテキスト・音声・動画を用いた軽度認知障害高齢者の無関心と抑うつの鑑別,2,1+0
1653,39558464,Childhood Peer Relationships and Dementia Risk in Chinese Older Adults: A Mediation Analysis,中国高齢者における小児期の仲間関係と認知症リスク：媒介分析,2,0+1
1656,39013750,Neuropsychiatric Symptom Profile in Alzheimer's Disease and Their Relationship With Functional Decline,アルツハイマー病における神経精神症状プロファイルと機能低下との関連性,2,1+0
1660,39624803,Unfavourable Outcomes in Older Adults with Oral Frailty: A Scoping Review,口腔脆弱性を持つ高齢者の予後不良：スコーピングレビュー,2,1+0
1677,24823894,Apathy among institutionalized stroke patients: prevalence and clinical correlates,施設入所中の脳卒中患者における無関心：有病率と臨床的相関,2,1+0
1679,27787708,Neuropsychiatric symptoms of cholinergic deficiency occur with degradation of the projections from the nucleus basalis of Meynert,メイヤール基底核からの投射の劣化に伴い生じるコリン作動性欠乏の神経精神症状,2,1+0
1680,29196576,Apathy is associated with incident dementia in community-dwelling older people,無関心は地域在住高齢者の認知症発症と関連する,2,1+0
1684,30270027,The Course of Geriatric Syndromes in Acutely Hospitalized Older Adults: The Hospital-ADL Study,急性期入院高齢者の老年症候群の経過：病院-ADL研究,2,0+1
1685,29304202,"""I Feel Worn Out, as if I Neglected Myself"": Older Patients' Perspectives on Post-hospital Symptoms After Acute Hospitalization",「疲れ果てた、まるで自分を顧みなかったかのようだ」：急性期入院後の退院後症状に関する高齢患者の視点,2,1+1
1686,35083950,Does Phased Retirement Increase Vitality in Older Workers? Findings from a 3‑Year Follow‑Up Panel Study,段階的退職は高齢労働者の活力向上に寄与するか？3年間の追跡調査パネル研究からの知見,2,0+1
1688,30782219,A network approach on the relation between apathy and depression symptoms with dementia and functional disability,無関心と抑うつ症状と認知症および機能障害との関係に関するネットワークアプローチ,2,1+1
1690,39831385,Interrelation between domains of functioning and white matter hyperintensities in geriatric memory clinic patients: a holistic approach through network analysis,老年期記憶クリニック患者における機能領域と白質高信号域の相互関係：ネットワーク分析による総合的アプローチ,2,1+0
1692,30449141,Natural course of neuropsychiatric symptoms in nursing home patients with mental-physical multimorbidity in the first eight months after admission,入所後8ヶ月間の精神・身体複合疾患を有する介護施設入所患者の神経精神症状の自然経過,2,0+1
1694,36317267,Vascular disease and apathy symptoms in the very old: A cross-sectional and longitudinal meta-analysis of individual participant data,超高齢者の血管疾患と無関心症状：個人参加者データの横断的・縦断的メタ分析,2,1+0
1697,40074663,"Temporal Dynamics of Depressive Symptoms, Apathy, Daily Activities, and Cognitive Decline in Older People From the General Population: A Network Analysis",一般人口の高齢者における抑うつ症状、無関心、日常活動、認知機能低下の時間的動態：ネットワーク分析,2,1+0
1698,28931452,Factors associated with appropriate psychotropic drug prescription in nursing home patients with severe dementia,重度認知症を有する介護施設入所患者における適切な向精神薬処方に影響する要因,2,0+1
